ref,title,description,size_bytes,size_mb,last_updated,download_count,vote_count,usability_rating,tags,search_score,file_types,estimated_rows
kaggle/us-consumer-finance-complaints,US Consumer Finance Complaints,,88568336,84.46534729003906,2019-11-14 05:52:29.843000,26396,390,0.5882353,"finance, lending",26.0764706,unknown,0
stefanoleone992/mutual-funds-and-etfs,US Funds dataset from Yahoo Finance,,370502481,353.33870029449463,2021-12-11 16:06:22.453000,18955,268,1.0,"united states, business, finance, banking, economics, investing",25.68,unknown,0
nitindatta/finance-data,Finance Data ,,2956,0.002819061279296875,2020-03-30 11:58:13.727000,23908,218,0.5294118,"business, finance, survey analysis, investing",24.2388236,unknown,0
noriuk/us-educational-finances,U.S. Educational Finances,,89579493,85.42966175079346,2018-08-29 23:47:18.543000,6567,144,0.7647059,"united states, business, education, finance, social science, primary and secondary schools",23.9694118,unknown,0
shriyashjagtap/indian-personal-finance-and-spending-habits,Indian Personal Finance and Spending Habits,,4139557,3.947789192199707,2024-10-07 22:19:31.597000,4821,73,1.0,"business, finance, economics, recommender systems",23.73,unknown,0
iveeaten3223times/massive-yahoo-finance-dataset,Massive Yahoo Finance Dataset,,23885678,22.779157638549805,2023-11-29 17:24:31.693000,4744,59,1.0,"research, business, finance, investing",23.59,unknown,0
danerbland/electionfinance,Campaign Finance versus Election Results,,213709,0.20380878448486328,2016-12-07 21:14:32.993000,4724,79,0.8235294,"business, finance, politics",23.4370588,unknown,0
rajanand/finance-india,Finance ‚Çπ - India,,26016,0.024810791015625,2017-08-27 12:17:02,5190,77,0.8235294,"india, finance, lending",23.4170588,unknown,0
suruchiarora/yahoo-finance-dataset-2018-2023,Yahoo Finance Dataset (2018-2023),,79394,0.07571601867675781,2023-05-09 07:11:45.053000,8811,60,0.88235295,"finance, time series analysis, regression, optimization, investing, python",23.3647059,unknown,0
achintyatripathi/yahoo-finance-apple-inc-aapl,Yahoo Finance Apple Inc. (AAPL),,9280,0.00885009765625,2020-09-11 10:43:52.613000,2881,57,0.9411765,"business, finance, marketing, exploratory data analysis, time series analysis, investing",23.333353,unknown,0
bukolafatunde/personal-finance,Personal Finance,,7341,0.007000923156738281,2020-12-17 15:39:22.717000,6735,77,0.64705884,"business, finance",23.06411768,unknown,0
sethirishabh/finance-company-loan-data,Finance Company Loan data,,13895,0.013251304626464844,2021-10-17 20:53:13.437000,3040,55,0.64705884,finance,22.84411768,unknown,0
miadul/personal-finance-ml-dataset,Personal Finance ML Dataset,,1208244,1.1522712707519531,2025-07-23 02:34:15.297000,2986,31,0.7058824,"global, business, finance, banking, intermediate",22.7077648,unknown,0
aradhanahirapara/income-survey-finance-analysis,Income Survey | Finance Analysis,,1826775,1.7421483993530273,2025-03-20 19:53:01.633000,2301,40,0.9411765,"income, business, finance, data analytics, clustering, jobs and career",22.583352999999995,unknown,0
belayethossainds/yahoo-finance-industries-dataset,Yahoo Finance - Industries - Dataset,,5652,0.005390167236328125,2023-05-13 18:07:21.077000,1888,36,1.0,"business, finance",22.247999999999998,unknown,0
jeegarmaru/us-campaign-finance-20192020-fec,US Campaign Finance 2019-2020 FEC,,1067005998,1017.5762157440186,2020-07-27 04:13:38.727000,869,37,0.88235295,"business, finance, politics",21.0037059,unknown,0
mirichoi0218/insurance, Medical Cost Personal Datasets,,16425,0.015664100646972656,2018-02-21 00:15:14.117000,346902,2974,0.88235295,"healthcare, education, finance, health, insurance",19.7647059,unknown,0
iabhishekofficial/mobile-price-classification,Mobile Price Classification,,72340,0.06898880004882812,2018-01-28 08:44:24.237000,235612,2402,0.7058824,"business, classification",19.4117648,unknown,0
muhammetvarl/laptop-price,Laptop Price,,28633,0.027306556701660156,2020-11-05 10:56:42.253000,30182,236,1.0,"business, computer science",17.36,unknown,0
mabusalah/brent-oil-prices,Brent Oil Prices,,39680,0.037841796875,2022-11-17 08:35:46,14520,209,1.0,"news, oil and gas",17.09,unknown,0
valakhorasani/bank-transaction-dataset-for-fraud-detection,Bank Transaction Dataset for Fraud Detection,,104518,0.09967613220214844,2024-11-04 09:23:49.727000,19660,199,1.0,"banking, psychology, computer science, exploratory data analysis, nlp, clustering",16.990000000000002,unknown,0
jilkothari/finance-accounting-courses-udemy-13k-course,Finance & Accounting Courses - Udemy (13K+ course),,1023500,0.9760856628417969,2020-09-17 12:46:12.477000,9214,192,1.0,"education, beginner, exploratory data analysis, data cleaning, data visualization",16.92,unknown,0
gabrielramos87/an-online-shop-business,E-commerce Business Transaction,,6981189,6.657780647277832,2022-05-14 20:11:48.887000,22198,191,1.0,"business, tabular, retail and shopping, e-commerce services",16.91,unknown,0
sgpjesus/bank-account-fraud-dataset-neurips-2022,Bank Account Fraud Dataset Suite (NeurIPS 2022),,558054164,532.2019233703613,2023-11-29 11:32:12.037000,17501,179,1.0,"finance, banking, classification, tabular, ml ethics",16.79,unknown,0
jainilcoder/online-payment-fraud-detection,Online Payment Fraud Detection,,186385519,177.75108242034912,2022-10-26 12:35:46.007000,20926,163,0.9705882,"business, intermediate, data visualization, data analytics, decision tree, tabular",16.5711764,unknown,0
fahadrehman07/retail-transaction-dataset,Retail Transaction Dataset,,5516690,5.261125564575195,2024-05-01 10:05:25.143000,8274,155,1.0,"clothing and accessories, business, finance, economics, retail and shopping",16.55,unknown,0
ealaxi/banksim1,Synthetic data from a financial payment system,,13712256,13.0770263671875,2017-07-11 14:48:56,32445,185,0.8235294,"business, crime, finance",16.497058799999998,unknown,0
adilshamim8/cost-of-international-education,Cost of International Education,,18950,0.018072128295898438,2025-05-07 15:41:53.213000,9943,124,1.0,"universities and colleges, education, currencies and foreign exchange",16.240000000000002,unknown,0
krishnaraj30/finance-loan-approval-prediction-data,Finance Loan approval Prediction Data,,12824,0.01222991943359375,2023-06-08 16:29:50.153000,8162,102,1.0,"exploratory data analysis, data visualization, data analytics, classification, decision tree",16.02,unknown,0
footprintnetwork/national-footprint-accounts-2018,National Footprint Accounts 2018,,2884874,2.751230239868164,2018-07-11 18:26:33,3899,126,0.85294116,"global, environment, economics",15.96588232,unknown,0
mrsimple07/restaurants-revenue-prediction,Restaurants Revenue Prediction,,43309,0.04130268096923828,2024-01-17 13:43:00.027000,5667,89,1.0,business,15.89,unknown,0
fedesoriano/california-housing-prices-data-extra-features,California Housing Prices Data (5 new features!),,974838,0.9296779632568359,2021-07-03 15:21:53,7675,77,1.0,"cities and urban areas, united states, earth and nature, housing, social science, regression, urban planning",15.77,unknown,0
anthonytherrien/restaurant-revenue-prediction-dataset,Restaurant Revenue Prediction Dataset,,347030,0.33095359802246094,2024-06-26 23:19:01,4945,76,1.0,"beginner, data analytics, tabular, restaurants",15.76,unknown,0
tanavbajaj/yahoo-finance-all-stocks-dataset-daily-update,Yahoo Finance All Stocks (Daily Update 163 Days),,138912400,132.47718811035156,2023-09-21 16:18:22.943000,4644,73,1.0,"business, investing",15.73,unknown,0
brendan45774/hollywood-most-profitable-stories,Hollywood Most Profitable Stories,,2563,0.0024442672729492188,2021-10-03 17:10:23.413000,4267,65,1.0,"arts and entertainment, movies and tv shows, beginner",15.65,unknown,0
thedevastator/online-retail-transaction-data,Online Retail Transaction Data,,9098240,8.6767578125,2023-12-21 02:59:15.363000,7807,72,0.9411765,"pollution, business, classification, clustering",15.602353,unknown,0
khushikyad001/finance-and-economics-dataset-2000-present,Finance & Economics Dataset (2000 - Present),,204142,0.1946849822998047,2025-03-29 18:51:33,4047,51,1.0,"business, economics",15.51,unknown,0
ganjerlawrence/mobile-phone-price-prediction-cleaned-dataset,Mobile Phone Price Prediction cleaned Dataset,,5238,0.0049953460693359375,2024-06-30 11:56:32,3859,37,1.0,"business, beginner, linear regression, investing",15.37,unknown,0
vinicius150987/ice-cream-revenue,Ice Cream Revenue,,6478,0.0061779022216796875,2020-03-18 18:38:03.203000,6569,53,0.8235294,"education, beginner, linear regression",15.1770588,unknown,0
satyajeetrai/medical-cost,Medical Cost,,16177,0.015427589416503906,2024-07-23 18:51:06.237000,2595,56,1.0,"intermediate, exploratory data analysis, data visualization, data analytics, regression, health conditions",15.155000000000001,unknown,0
ankulsharma150/food-order-cost-and-profit-analysis,Food Order Cost and Profit Analysis,,28640,0.027313232421875,2024-09-30 13:38:30,2288,38,1.0,business,14.668000000000001,unknown,0
mysticvalley/balance-scale,Balance Scale,,1372,0.001308441162109375,2019-04-28 04:40:52.377000,2542,25,0.5294118,"business, psychology, multiclass classification, retail and shopping, benchmark dataset, benchmark",13.8508236,unknown,0
creepycrap/finance-dataset,Finance Dataset,,409161,0.39020633697509766,2021-06-06 11:58:31.293000,3768,34,0.23529412,,13.81058824,unknown,0
subhamjain/finance-datasets-complete-singapore,Finance Datasets Complete (Singapore),,298300,0.2844810485839844,2021-08-05 06:05:21.407000,1218,45,0.7647059,"asia, finance",13.1974118,unknown,0
younusmohamed/payment-fraud-empowering-financial-security,Payment Fraud - Empowering Financial Security,,319948,0.3051261901855469,2025-08-02 08:40:49.427000,862,29,1.0,"earth and nature, business, finance",13.152,unknown,0
ashishkumarjayswal/loanamount-approval,Loan Amount Approval,,7973,0.007603645324707031,2023-06-26 04:50:15.967000,964,28,0.7647059,"banking, data cleaning, data visualization, data analytics, tabular",12.7734118,unknown,0
rudraprasadbhuyan/faang-finance-dataset,FAANG FINANCE DATASET,,752639,0.7177724838256836,2024-10-18 16:51:35.813000,264,5,0.9411765,"united states, business, finance, data cleaning, data analytics, investing",12.196353,unknown,0
thedevastator/the-world-s-most-profitable-cash-crops,Profitability by Crops Field,,1574784,1.5018310546875,2022-11-25 04:29:18,168,7,0.9411765,"business, agriculture, food",12.120353,unknown,0
sunnyyadav754/ipl-player-statistics-20162025-from-cricsheet,IPL Player Statistics (2016‚Äì2025) ‚Äì From Cricsheet,,2034934,1.940664291381836,2025-09-19 16:13:03,258,8,0.9375,"cricket, sports, intermediate, json",10.213000000000001,unknown,0
rohan26x/indian-express-train-dataset,Indian Trains Schedule & Routes,,3326618,3.1725101470947266,2025-09-15 16:49:03,113,1,1.0,"india, government, automobiles and vehicles, rail transport, json",10.123,unknown,0
mattiuzc/stock-exchange-data,Stock Exchange Data,,4776806,4.555517196655273,2021-06-07 20:51:55.953000,33726,565,1.0,"business, finance, banking, economics, investing, currencies and foreign exchange",10.0,unknown,0
yashdevladdha/uber-ride-analytics-dashboard,Uber Data Analytics Dashboard,,17324552,16.52198028564453,2025-08-08 11:13:42,56265,1188,1.0,"india, automobiles and vehicles, exploratory data analysis, data visualization, travel",10.0,unknown,0
ruchi798/data-science-job-salaries,Data Science Job Salaries,,7542,0.0071926116943359375,2022-06-15 08:59:12.213000,93357,1612,1.0,"business, computer science, programming",10.0,unknown,0
shubhambathwal/flight-price-prediction,Flight Price Prediction,,4360218,4.158227920532227,2022-02-25 17:58:19.347000,62095,592,1.0,"aviation, beginner, intermediate, exploratory data analysis, regression",10.0,unknown,0
thedevastator/unlock-profits-with-e-commerce-sales-data,E-Commerce Sales Dataset,,6634810,6.327447891235352,2022-12-03 09:27:17.413000,114346,747,1.0,"business, data cleaning, data visualization, e-commerce services",10.0,unknown,0
fedesoriano/company-bankruptcy-prediction,Company Bankruptcy Prediction,,4856926,4.631925582885742,2021-02-13 19:36:03,55350,788,1.0,"categorical, business, banking, economics, classification",10.0,unknown,0
allen-institute-for-ai/CORD-19-research-challenge,COVID-19 Open Research Dataset Challenge (CORD-19),,19724979450,18811.20629310608,2022-06-06 19:39:40.923000,194301,11217,0.88235295,"public health, biology, business, computer science, nlp, covid19",9.7647059,unknown,0
blastchar/telco-customer-churn,Telco Customer Churn,,175758,0.1676158905029297,2018-02-23 18:20:00,424294,3216,0.88235295,business,9.7647059,unknown,0
dgawlik/nyse,New York Stock Exchange,,32148316,30.65902328491211,2017-02-22 10:18:25.517000,103934,1392,0.85294116,"business, finance, investing",9.70588232,unknown,0
mlg-ulb/creditcardfraud,Credit Card Fraud Detection,,69155672,65.95198822021484,2018-03-23 01:17:27.913000,989929,12498,0.85294116,"crime, finance",9.70588232,unknown,0
kiva/data-science-for-good-kiva-crowdfunding,Data Science for Good: Kiva Crowdfunding,,43895508,41.86201858520508,2018-03-02 20:20:57.727000,28254,1093,0.85294116,"geography, finance, lending, crowdfunding, economics, gambling",9.70588232,unknown,0
tawfikelmetwally/employee-dataset,Employee dataset,,18961,0.018082618713378906,2023-09-06 18:15:55,62600,458,0.9411765,"beginner, exploratory data analysis, data visualization, classification, binary classification",9.462353,unknown,0
rodsaldanha/arketing-campaign,Marketing Campaign,,360296,0.34360504150390625,2020-05-08 13:14:32,54857,406,0.9117647,"business, marketing, classification",8.8835294,unknown,0
hummaamqaasim/jobs-in-data,Jobs and Salaries in Data Science,,77972,0.07435989379882812,2023-12-25 20:03:32.463000,27506,353,1.0,"income, science and technology, computer science, data visualization, jobs and career",8.53,unknown,0
mosapabdelghany/medical-insurance-cost-dataset,Medical Insurance Cost Dataset,,16425,0.015664100646972656,2025-08-24 11:54:36.533000,17360,346,1.0,"health, artificial intelligence, regression, insurance, python",8.46,unknown,0
andrewmvd/udemy-courses,Udemy Courses,,204915,0.19542217254638672,2020-05-17 00:01:42.553000,24133,330,1.0,"business, education, tabular, online communities",8.3,unknown,0
aslanahmedov/walmart-sales-forecast,Walmart Sales Forecast ,,3524213,3.3609514236450195,2022-04-21 05:28:20.817000,47434,302,1.0,"business, exploratory data analysis, time series analysis, deep learning, retail and shopping, investing, news, python",8.02,unknown,0
iamsouravbanerjee/analytics-industry-salaries-2022-india,Data Professionals Salary - 2022,,121706,0.11606788635253906,2022-07-17 11:28:56.467000,16644,288,1.0,"business, computer science, beginner, data analytics, tabular, currencies and foreign exchange",7.88,unknown,0
cnic92/200-financial-indicators-of-us-stocks-20142018,200+ Financial Indicators of US stocks (2014-2018),,15537161,14.817391395568848,2020-01-18 17:16:22.807000,18675,293,0.9705882,"business, finance, binary classification, regression, investing",7.8711764,unknown,0
debajyotipodder/co2-emission-by-vehicles,CO2 Emission by Vehicles,,90459,0.08626842498779297,2020-08-05 11:57:13.587000,29678,257,1.0,"earth and nature, environment, pollution, business, computer science, automobiles and vehicles, linear regression, regression",7.57,unknown,0
ddosad/auto-sales-data,Automobile Sales data,,81125,0.07736682891845703,2023-11-18 12:36:41.297000,24884,252,1.0,"automobiles and vehicles, beginner, exploratory data analysis, data visualization, tabular",7.52,unknown,0
new-york-city/nyc-parking-tickets,NYC Parking Tickets,,2171622722,2071.02081489563,2020-05-10 21:42:31.937000,24769,277,0.8235294,"cities and urban areas, government, law, transportation, automobiles and vehicles, travel",7.4170587999999995,unknown,0
rupakroy/online-payments-fraud-detection-dataset,Online Payments Fraud Detection Dataset,,186385561,177.7511224746704,2022-04-17 15:34:44.267000,28219,234,0.9705882,"europe, business, classification, tabular, sklearn",7.2811764,unknown,0
radheshyamkollipara/bank-customer-churn,Bank Customer Churn,,314688,0.30010986328125,2023-04-28 16:32:01.277000,28852,220,1.0,"exploratory data analysis, data visualization, data analytics, classification, binary classification",7.2,unknown,0
henryshan/starbucks,Starbucks,,4651,0.004435539245605469,2023-12-06 03:07:49.287000,15911,222,0.9411765,"beginner, data cleaning, data visualization, data analytics",7.102353,unknown,0
dhanushnarayananr/credit-card-fraud,Credit Card Fraud ,,30281243,28.878443717956543,2022-05-07 15:09:29.617000,27560,218,0.9411765,"finance, classification, tabular, currencies and foreign exchange",7.062353,unknown,0
ahmedmohamed2003/cafe-sales-dirty-data-for-cleaning-training,Cafe Sales - Dirty Data for Cleaning Training,,113510,0.10825157165527344,2025-01-17 19:49:39,20331,202,1.0,"business, exploratory data analysis, data cleaning, data visualization, data storytelling",7.02,unknown,0
mathchi/churn-for-bank-customers,Churn for Bank Customers,,267774,0.2553691864013672,2020-07-25 06:13:14.293000,20504,194,1.0,"finance, banking, e-commerce services",6.9399999999999995,unknown,0
equilibriumm/sleep-efficiency,Sleep Efficiency Dataset,,9150,0.008726119995117188,2023-02-21 10:19:55,25218,182,1.0,"data cleaning, data visualization, tabular, regression, english",6.82,unknown,0
saurabhbadole/latest-data-science-job-salaries-2024,Latest Data Science Job Salaries 2020 - 2025,,1555198,1.4831523895263672,2025-03-10 09:02:50,6649,182,1.0,"global, computer science, beginner, exploratory data analysis, tabular",6.82,unknown,0
sergylog/ab-test-data,A/B test data,,28963,0.02762126922607422,2022-09-16 17:29:06.973000,3935,180,1.0,"exploratory data analysis, data cleaning, statistical analysis, data analytics, tabular",6.8,unknown,0
codebynadiia/gdp-per-country-20202025,GDP per Country 2020‚Äì2025,,5677,0.005414009094238281,2025-09-04 14:37:43.563000,9177,173,1.0,"global, finance, economics, tabular, english",6.73,unknown,0
atharvasoundankar/global-cybersecurity-threats-2015-2024,üåê Global Cybersecurity Threats (2015-2024),,48178,0.04594612121582031,2025-03-16 04:23:13.343000,13399,155,1.0,"computer science, programming, data visualization, data analytics, cyber security",6.55,unknown,0
rishikeshkonapure/home-loan-approval,Home Loan Approval,,12880,0.0122833251953125,2023-01-12 06:28:57,17079,150,1.0,"business, exploratory data analysis, data visualization, data analytics, classification",6.5,unknown,0
rkiattisak/traveler-trip-data,Traveler Trip Dataset ,,4310,0.0041103363037109375,2023-03-06 07:11:05.753000,19019,143,1.0,"beginner, data analytics, tabular, travel, hotels and accommodations",6.43,unknown,0
hacker-news/hacker-news,Hacker News,,0,0.0,2019-02-12 00:34:51.853000,0,618,0.7058824,"literature, business, internet, bigquery, online communities",6.4117648,unknown,0
navjotkaushal/coffee-sales-dataset,Coffee Sales Dataset,,38970,0.03716468811035156,2025-08-19 09:37:30.057000,13629,174,0.8235294,"business, education, data visualization, food, data storytelling",6.3870588,unknown,0
shriyashjagtap/e-commerce-customer-for-behavior-analysis,üõí E-commerce Customer Data For Behavior Analysis ,,10423151,9.940291404724121,2023-09-15 07:17:18,14745,138,1.0,"beginner, intermediate, tabular",6.38,unknown,0
whenamancodes/credit-card-customers-prediction,Credit Card Customers Prediction,,387771,0.36980724334716797,2022-10-30 13:03:27,12994,132,1.0,"education, finance, lending, banking, e-commerce services",6.32,unknown,0
atharvasoundankar/ai-developer-productivity-dataset,üß† AI Developer Productivity Dataset,,5992,0.00571441650390625,2025-05-12 08:29:17,5147,131,1.0,"mental health, earth and nature, business, computer science, data analytics",6.3100000000000005,unknown,0
shashwatwork/phishing-dataset-for-machine-learning,Phishing Dataset for Machine Learning,,239863,0.22875118255615234,2021-05-28 14:47:37.413000,20363,141,0.9411765,"research, exploratory data analysis, data visualization, online communities",6.292353,unknown,0
sidhus/crab-age-prediction,Crab Age Prediction,,83112,0.07926177978515625,2021-11-21 03:39:02.813000,8865,129,1.0,"earth and nature, feature engineering, tabular, regression, fish and aquaria, sklearn",6.29,unknown,0
msnbehdani/mock-dataset-of-second-hand-car-sales,"Car Sales Dataset: Model, Features, and Pricing",,501188,0.4779701232910156,2025-08-20 17:47:58.207000,8980,124,1.0,"artificial intelligence, exploratory data analysis, data visualization, data analytics, regression",6.24,unknown,0
atharvaarya25/financials,Company Financials Dataset,,21974,0.020956039428710938,2023-08-01 05:42:27.653000,14892,120,1.0,"business, data cleaning, data analytics, investing, english",6.2,unknown,0
imakash3011/online-shoppers-purchasing-intention-dataset, Online Shoppers Purchasing Intention Dataset,,258305,0.2463388442993164,2021-08-19 20:00:05.337000,8082,118,0.9705882,"business, education",6.1211763999999995,unknown,0
chaudharisanika/smartphones-dataset,Smartphones Dataset,,22452,0.021411895751953125,2025-06-15 15:50:56.727000,6939,112,1.0,"exploratory data analysis, data visualization, data analytics, sql",6.12,unknown,0
henryshan/2023-data-scientists-salary,2023 Data Scientists Salary,,26034,0.024827957153320312,2023-12-14 10:14:34,6806,109,1.0,"business, education, computer science",6.09,unknown,0
kmldas/loan-default-prediction,Loan Default Prediction,,111675,0.10650157928466797,2021-04-06 15:03:41,11774,108,1.0,"business, finance, banking, beginner, tabular",6.08,unknown,0
taweilo/mba-admission-dataset,"MBA Admission dataset, Class 2025",,56176,0.0535736083984375,2024-09-18 07:57:38,8949,108,1.0,"universities and colleges, education, exploratory data analysis, data visualization, classification",6.08,unknown,0
rashikrahmanpritom/data-science-job-posting-on-glassdoor,Data Science Job Posting on Glassdoor,,1607109,1.532658576965332,2021-03-09 09:02:45.607000,18502,140,0.8235294,"employment, business, computer science, exploratory data analysis, data cleaning, data visualization, text",6.0470588,unknown,0
kalilurrahman/mastercard-stock-data-latest-and-updated,MasterCard Stock Data - Latest and Updated,,199497,0.19025516510009766,2025-09-28 13:56:36.163000,6724,96,1.0,"business, finance, computer science, linear regression, investing",5.96,unknown,0
meetnagadia/apple-stock-price-from-19802021,Apple Stock Price from  1980-2021,,211249,0.2014627456665039,2022-06-21 06:19:03.947000,8681,95,1.0,"business, electronics, exploratory data analysis, time series analysis, statistical analysis, investing",5.95,unknown,0
kalilurrahman/netflix-stock-data-live-and-latest,Netflix Stock Data - Live and Latest,,133733,0.12753772735595703,2025-09-28 08:56:37,4407,92,1.0,"finance, computer science, programming, data visualization, time series analysis, linear regression, investing",5.92,unknown,0
rohitgrewal/restaurant-sales-data,Restaurant Sales Data,,2237,0.0021333694458007812,2025-07-31 17:29:16.597000,6887,85,1.0,"business, data analytics, food, restaurants, python",5.85,unknown,0
novandraanugrah/bitcoin-historical-datasets-2018-2024,BITCOIN Historical Datasets 2018-2025 Binance API,,19131575,18.245291709899902,2025-09-05 02:03:09.943000,14693,117,0.8235294,"history, finance, economics, investing, currencies and foreign exchange",5.8170588,unknown,0
zahidmughal2343/global-cancer-patients-2015-2024,global_cancer_patients_2015_2024,,1261049,1.2026300430297852,2025-04-14 00:05:23.367000,9936,81,1.0,"global, intermediate, data analytics, classification, cancer",5.8100000000000005,unknown,0
prasad22/global-economy-indicators,Global Economy Indicators,,1135207,1.0826177597045898,2023-10-09 02:47:04.413000,8237,78,1.0,"business, economics, exploratory data analysis, data cleaning, time series analysis, regression",5.78,unknown,0
jillanisofttech/tesla-stock-price,Tesla Stock Price,,81522,0.07774543762207031,2024-01-17 02:17:23.607000,4885,73,1.0,"business, finance, intermediate, advanced, investing",5.73,unknown,0
atharvasoundankar/fashion-retail-sales,üõçÔ∏è Fashion Retail Sales Dataset,,31656,0.03018951416015625,2025-04-01 05:05:48,6359,71,1.0,"finance, marketing, data cleaning, data visualization, data analytics",5.71,unknown,0
sumanthnimmagadda/student-spending-dataset,Student spending habits dataset.,,29212,0.027858734130859375,2024-03-05 15:01:06.917000,10330,82,0.9411765,education,5.7023530000000004,unknown,0
bharath011/heart-disease-classification-dataset,Heart Disease Classification Dataset,,16203,0.015452384948730469,2023-07-24 16:45:18.867000,8475,81,0.9411765,"healthcare, diseases, health, artificial intelligence, heart conditions",5.692353,unknown,0
equinxx/stock-tweets-for-sentiment-analysis-and-prediction,Stock Tweets for Sentiment Analysis and Prediction,,6914617,6.594292640686035,2022-12-05 23:58:35.947000,7808,69,1.0,"finance, internet, time series analysis, investing, social networks",5.6899999999999995,unknown,0
aadhavvignesh/calories-burned-during-exercise-and-activities,Calories Burned During Exercise and Activities,,3739,0.0035657882690429688,2020-07-05 04:23:14.433000,7014,78,0.9411765,"exercise, running, sports",5.6623529999999995,unknown,0
zubairamuti/shopping-behaviours-dataset,Shopping behaviours dataset,,72157,0.06881427764892578,2025-08-29 14:56:21.637000,4220,66,1.0,"business, exploratory data analysis, data visualization, data analytics, retail and shopping",5.66,unknown,0
stealthtechnologies/employee-attrition-dataset,Employee Attrition Classification Dataset,,1802815,1.7192983627319336,2024-06-11 11:25:46.903000,8545,65,1.0,"finance, intermediate, classification, tabular, binary classification",5.65,unknown,0
nabeelqureshitiii/student-performance-dataset,Student Performance Dataset,,9364133,8.930333137512207,2025-08-27 11:28:12,3936,63,1.0,"research, education, artificial intelligence, computer science, engineering",5.63,unknown,0
sriharshaeedala/financial-fraud-detection-dataset,Financial Fraud Detection Dataset,,186385561,177.7511224746704,2024-03-07 18:02:06.393000,9419,63,1.0,"finance, banking",5.63,unknown,0
guillemservera/fuels-futures-data,"Oil, Gas & Other Fuels Futures Data",,1268927,1.2101430892944336,2024-06-25 07:03:48.543000,3680,62,1.0,"finance, economics, time series analysis, investing, oil and gas",5.62,unknown,0
anandshaw2001/amazon-sales-dataset,Amazon Sales Dataset,,262214,0.25006675720214844,2024-03-04 18:30:11.113000,8294,84,0.88235295,"clothing and accessories, exploratory data analysis, data visualization, retail and shopping, e-commerce services",5.6047059,unknown,0
thedevastator/bank-term-deposit-predictions,Bank Term Deposit Predictions,,554151,0.5284795761108398,2023-11-30 14:37:39.737000,5568,60,1.0,"business, banking, data visualization, classification",5.6,unknown,0
rehandl23/fifa-24-player-stats-dataset,FIFA 24 Player Stats Dataset,,365848,0.34889984130859375,2023-10-18 01:09:59,4660,58,1.0,"football, artificial intelligence, beginner, data visualization, tabular",5.58,unknown,0
waqi786/mobile-sales-dataset,Mobile Sales Dataset üì±,,59080,0.05634307861328125,2024-07-26 11:03:16.087000,6636,57,1.0,"mobile and wireless, data visualization, data analytics",5.57,unknown,0
shedai/retail-data-set,Retail Data Set,,900734,0.8590068817138672,2023-03-30 19:50:00.203000,5042,56,1.0,"time series analysis, classification, clustering, tabular, retail and shopping",5.5600000000000005,unknown,0
agungpambudi/trends-product-coffee-shop-sales-revenue-dataset,Maven Roasters: Coffee Shop Sales & Revenue Data,,2664285,2.540860176086426,2024-01-09 18:38:34.587000,3537,56,1.0,"business, exploratory data analysis, geospatial analysis, time series analysis, data analytics",5.5600000000000005,unknown,0
blessondensil294/topic-modeling-for-research-articles,Topic Modeling for Research Articles,,11978949,11.424015998840332,2020-08-18 08:53:26.513000,3576,51,1.0,"research, earth and nature, biology, physics, education, psychology, computer science",5.51,unknown,0
muhammaddawood42/nvidia-stock-data,NVIDIA-STOCK-DATA,,59280,0.0565338134765625,2024-12-10 12:22:01,2838,65,1.0,"artificial intelligence, computer vision, deep learning, investing, gpu",5.4879999999999995,unknown,0
abhishekrp1517/sales-data-for-economic-data-analysis,Sales Data for Economic Data Analysis,,3242159,3.091963768005371,2023-03-17 06:51:25.397000,8646,70,0.88235295,"business, economics, exploratory data analysis, data analytics, tabular",5.4647059,unknown,0
rish59/financial-statements-of-major-companies2009-2023,Financial Statements of Major Companies(2009-2023),,11580,0.011043548583984375,2023-11-30 07:01:09,6811,67,0.88235295,"business, finance, economics, data analytics, tabular",5.4347059,unknown,0
ashishjangra27/swiggy-restaurants-dataset,Restaurants Dataset | Swiggy,,147761348,140.91620254516602,2022-10-10 03:54:56.283000,5838,48,0.9705882,"exploratory data analysis, data cleaning, data visualization, data analytics, restaurants",5.4211764,unknown,0
amanalisiddiqui/fraud-detection-dataset,Fraud Detection Dataset,,186385521,177.75108432769775,2025-03-28 08:08:56,4460,30,1.0,"finance, banking, tabular, binary classification, tabular classification",5.3,unknown,0
atharvasoundankar/big-4-financial-risk-insights-2020-2025,Big 4 Financial Risk  Insights (2020-2025),,2592,0.002471923828125,2025-03-07 05:02:58,2788,43,1.0,"business, finance, artificial intelligence, data analytics, investing, jobs and career",5.218,unknown,0
alexhuitron/supermarket-sales,Supermarket Sales,,36807,0.035101890563964844,2023-10-02 20:42:03.317000,3213,43,0.88235295,"beginner, data analytics, text, retail and shopping, english",5.194705900000001,unknown,0
bhadramohit/worlds-richest-sports-leagues-dataset,World's Richest Sports Leagues Dataset,,16140,0.015392303466796875,2024-11-01 11:54:12.133000,2757,37,1.0,"global, sports, economics, investing",5.127000000000001,unknown,0
muhammedderric/fitness-classification-dataset-synthetic,Fitness Classification Dataset (Synthetic),,34176,0.0325927734375,2025-08-01 10:39:52.983000,2650,38,1.0,"exercise, health, beginner, classification, binary classification",5.029999999999999,unknown,0
ranjitmandal/fraud-detection-dataset-csv,Fraud Detection Dataset,,874147,0.8336515426635742,2025-03-09 08:15:25.277000,3124,36,0.8235294,"artificial intelligence, exploratory data analysis, data visualization, data analytics, feature engineering",5.007058799999999,unknown,0
shivanandmn/multilabel-classification-dataset,Multi-Label Classification Dataset,,12001191,11.44522762298584,2021-01-28 00:29:00.697000,5990,46,0.7647059,"research, earth and nature, science and technology, nlp, multilabel classification",4.9894118,unknown,0
caesarmario/hyundai-motor-company-stock-historical-price,Hyundai Motor Company Stock Historical Price,,50295,0.047965049743652344,2025-02-18 10:06:20.147000,2204,75,1.0,"finance, banking, economics, automobiles and vehicles, investing",4.954000000000001,unknown,0
krishujeniya/salary-prediction-of-data-professions,Salary of Data Professions,,53256,0.05078887939453125,2024-05-28 12:25:41.087000,2551,32,1.0,"business, education",4.871,unknown,0
mjshubham21/movie-dataset-for-analytics-and-visualization,Movie Dataset for Analytics & Visualization,,65136772,62.119266510009766,2025-09-08 12:13:22.823000,2501,34,1.0,"movies and tv shows, exploratory data analysis, data visualization, ratings and reviews, synthetic",4.840999999999999,unknown,0
wardabilal/salary-prediction-dataset,Salary Prediction Dataset,,17048,0.01625823974609375,2025-09-06 14:14:03.303000,2441,32,1.0,"employment, income, business, banking, computer science",4.760999999999999,unknown,0
tfisthis/global-ai-tool-adoption-across-industries,Global AI Tool Adoption Across Industries,,18481524,17.625354766845703,2025-06-03 10:46:42.753000,2453,40,0.9411765,"business, artificial intelligence, computer science, programming, text",4.735353,unknown,0
jilkothari/business-courses-udemy-10k-courses,Business Courses - Udemy (10k courses),,718552,0.6852645874023438,2020-09-15 07:42:30.263000,2264,41,1.0,"business, education, beginner, exploratory data analysis, data cleaning, data visualization, online communities",4.6739999999999995,unknown,0
mosapabdelghany/adult-income-prediction-dataset,Adult Income Prediction Dataset,,460936,0.43958282470703125,2025-08-28 11:56:47,2399,26,1.0,"artificial intelligence, advanced, classification, naive bayes, regression",4.659,unknown,0
pratyushpuri/retail-fashion-boutique-data-sales-analytics-2025,Retail Fashion Boutique Data Sales Analytics 2025,,301873,0.2878885269165039,2025-08-07 16:10:36.233000,2153,44,1.0,"clothing and accessories, business, marketing, data analytics, retail and shopping",4.593,unknown,0
mittvin/u-s-census-dataset-education-finance-industry,"U.S. Census Dataset : Education, Finance, Industry",,198448,0.1892547607421875,2023-11-30 05:22:06,2095,46,1.0,"united states, employment, education, finance, social science, demographics",4.555,unknown,0
pratyushpuri/heart-disease-dataset-3k-rows-python-code-2025,Heart Disease Dataset - 3000 Records in 2025,,290145,0.2767038345336914,2025-08-29 08:36:00.993000,2092,44,1.0,"diseases, health, drugs and medications, cancer, heart conditions",4.532,unknown,0
guillemservera/grains-and-cereals-futures,"Corn, Oat, Cereals & Grains Futures Data",,941202,0.8976001739501953,2024-06-25 07:05:56.897000,2076,40,1.0,"business, finance, economics, agriculture, investing",4.476,unknown,0
atharvasoundankar/work-from-anywhere-salary-insight-2024,üåçWork-from-Anywhere Salary Insight (2024),,11372,0.010845184326171875,2025-05-18 06:33:06,2043,30,1.0,"employment, income, business, education, jobs and career",4.343,unknown,0
pratyushpuri/ev-electrical-vehicles-dataset-3k-records-2025,EV Electrical Vehicles Dataset: 3K+ Records 2025,,520016,0.4959259033203125,2025-08-17 13:20:16,1953,35,1.0,"cities and urban areas, science and technology, electronics, automobiles and vehicles, travel",4.303,unknown,0
shahriarkabir/company-purchasing-dataset,Company Purchasing Dataset,,9497,0.009057044982910156,2025-04-16 09:59:43.183000,1993,29,1.0,business,4.283,unknown,0
andreinovikov/air-pollution,Air pollution,,98458,0.09389686584472656,2023-12-05 12:00:34.193000,1886,35,1.0,"cities and urban areas, earth and nature, atmospheric science, environment, pollution, tabular",4.236,unknown,0
adilshamim8/tesla-stock-price-history,TESLA STOCK PRICE HISTORY,,92790,0.08849143981933594,2025-09-20 04:54:29,1746,45,1.0,"history, business, finance, investing, currencies and foreign exchange",4.196,unknown,0
mohdshahnawazaadil/credit-card-dataset,Credit Card Dataset,,69155672,65.95198822021484,2024-04-02 00:04:05,1687,34,1.0,"business, crime, tabular, retail and shopping",4.027,unknown,0
mhassansaboor/alibaba-stock-dataset-2025,Alibaba Stock Dataset 2025,,65301,0.06227588653564453,2025-02-14 13:38:26.847000,1581,44,1.0,"computer science, exploratory data analysis, time series analysis, retail and shopping, investing",4.021,unknown,0
ayeshaimran123/academic-stress-level-maintenance-dataset,Academic Stress Level,,2104,0.00200653076171875,2025-09-12 07:46:59.777000,1551,39,1.0,"mental health, environment, education, data visualization, data analytics",3.941,unknown,0
vrajesh0sharma7/used-car-price-prediction,Used Car Price Prediction,,382872,0.36513519287109375,2025-09-19 12:16:19.927000,1778,25,0.9411765,regression,3.910353,unknown,0
pratyushpuri/used-car-sales-listings-dataset-2025,Used Cars Sales Listings Dataset 2025,,583866,0.5568180084228516,2025-08-12 11:27:56.713000,1535,35,1.0,"business, manufacturing, transportation, automobiles and vehicles, make-up and cosmetics, retail and shopping, travel",3.885,unknown,0
pratyushpuri/financial-news-market-events-dataset-2025,Financial News Market Events Dataset for NLP 2025,,417736,0.39838409423828125,2025-08-13 21:30:11,1423,41,1.0,"business, education, finance, nlp, investing, currencies and foreign exchange, news",3.833,unknown,0
minahilfatima12328/lifestyle-and-sleep-patterns,Lifestyle and Sleep Patterns,,2604,0.002483367919921875,2025-09-18 14:30:08,1490,33,1.0,"health and fitness, exercise, health, data cleaning, data visualization",3.8200000000000003,unknown,0
ahmadrazakashif/spotify-popularity-songs,Spotify_Popularity.Songs,,48213,0.04597949981689453,2025-09-12 10:16:24.563000,1388,37,1.0,"music, audio, python, audio-to-audio, video audio text",3.758,unknown,0
albertobircoci/historical-prices-of-major-natural-resource,Historical Prices of Major Natural Resource,,678734,0.6472911834716797,2025-08-15 13:42:09.667000,1354,31,1.0,"finance, energy, data analytics, investing, oil and gas",3.664,unknown,0
smayanj/employee-records-dataset,Employee Records Dataset,,519601,0.4955301284790039,2025-03-08 12:26:28.697000,945,64,1.0,categorical,3.585,unknown,0
chik0di/health-and-lifestyle-dataset,Health & Lifestyle Dataset,,2204934,2.1027889251708984,2025-09-17 12:46:52,1361,30,0.9411765,"health and fitness, health, classification, clustering, regression",3.5433529999999998,unknown,0
sulthonaqthoris/mobile-phone-specifications-dataset,Mobile Phone Specifications Dataset,,2623837,2.502285957336426,2025-08-23 22:21:37.333000,1167,28,1.0,"websites, science and technology, computer science, internet, mobile and wireless",3.447,unknown,0
adityarajsrv/job-descriptions-2025-tech-and-non-tech-roles,Job Descriptions 2025 ‚Äì Tech & Non-Tech Roles,,207792,0.1981658935546875,2025-08-31 20:12:46,1108,28,1.0,"artificial intelligence, nlp, jobs and career, english, synthetic",3.3880000000000003,unknown,0
ahmadrazakashif/salary-data,Salary.Data,,17048,0.01625823974609375,2025-09-05 10:24:35.733000,1083,29,1.0,"employment, income, business, finance, python",3.373,unknown,0
pinuto/us-oil-and-gas-production-and-disposition-20152025,üìä US Oil & Gas Production & Disposition 2015‚Äì2025,,7970935,7.601675987243652,2025-09-18 09:57:04.747000,1029,25,1.0,"earth and nature, economics, energy, time series analysis, oil and gas",3.279,unknown,0
chik0di/board-games-dataset-complete-features,Board Games Dataset Complete Features,,1701777,1.622941017150879,2025-09-15 17:00:59.963000,1020,23,1.0,"arts and entertainment, games, board games, exploratory data analysis, data visualization",3.25,unknown,0
matiflatif/coca-cola-complete-stocks-dataweekly-updated,Coca-Cola Complete updated stocks Dataset,,2195248,2.0935516357421875,2025-03-15 11:03:31.653000,920,29,1.0,"finance, tabular, investing, currencies and foreign exchange",3.21,unknown,0
sanyamgoyal401/itc-nse-24-year-stock-data,ITC - NSE - 24 Year Stock Dataüìà,,202214,0.19284629821777344,2024-05-05 10:15:46.887000,790,30,1.0,"business, finance, data visualization, data analytics, investing",3.09,unknown,0
gianetan/bajaj-finance-limited-bajfinance,Bajaj Finance  Stock Market (NSE) dataset,,122284,0.11661911010742188,2022-07-23 01:26:51.557000,894,16,1.0,"india, business, finance, lending, tabular, news, numpy",3.0540000000000003,unknown,0
vedikagupta0/youtube-top-100-songs-2025-dataset,YouTube Top 100 Songs 2025 Dataset,,78598,0.07495689392089844,2025-09-22 11:32:29.517000,1121,24,0.8235294,"arts and entertainment, music, art, beginner",3.0080587999999997,unknown,0
tosinabase/intel-stock-prices-historical-data-intc,Intel Stock Prices Historical Data (INTC),,241024,0.2298583984375,2021-04-20 11:05:00.237000,702,21,1.0,"history, business, finance, time series analysis, investing, currencies and foreign exchange",2.912,unknown,0
kalilurrahman/palantir-stock-data-latest-and-updated,Palantir - Stock Data - Latest and Updated,,8136,0.00775909423828125,2025-09-23 18:51:01.447000,503,34,1.0,"business, finance, computer science, data cleaning, data analytics, deep learning, investing",2.843,unknown,0
ghost5612/novel-covid-19-dataset,Novel Covid-19 Dataset,,8928752,8.515121459960938,2025-09-18 06:23:52,744,21,0.9411765,"public health, health, law, data analytics, public safety",2.836353,unknown,0
tarekmasryo/generative-ai-tools-and-platforms-2025,Generative AI Tools & Platforms 2025,,3501,0.0033388137817382812,2025-09-18 14:05:21,569,26,1.0,"business, artificial intelligence, computer science, deep learning, model comparison",2.8289999999999997,unknown,0
bravo03/bank-churn,bank_churn,,785061,0.748692512512207,2024-02-06 12:52:02.397000,147,94,0.8235294,"business, xgboost, tabular",2.7340587999999997,unknown,0
pratyushpuri/urban-flood-risk-data-global-city-analysis-2025,Urban Flood Risk Data: Global City Analysis 2025,,612038,0.5836849212646484,2025-08-16 02:23:04.733000,548,17,1.0,"cities and urban areas, earth and nature, geography, geology, pollution, natural disasters",2.718,unknown,0
azim069/yahoo-finance-crypto-real-time-prices-dataset,Crypto Real-Time Prices Dataset (Yahoo Finance),,257455,0.2455282211303711,2023-05-10 00:58:47,526,16,1.0,"business, data cleaning, data visualization, data analytics, tabular, currencies and foreign exchange",2.686,unknown,0
mpwolke/cusersmarildownloadsresearcherscsv,Researchers by field of R&D.,,329354,0.31409645080566406,2019-09-26 13:10:41,242,33,1.0,"research, government",2.572,unknown,0
khushikyad001/personal-finance-tracker-dataset,Personal Finance Tracker Dataset,,173489,0.1654520034790039,2025-07-25 06:47:02,432,7,1.0,"business, finance",2.502,unknown,0
borhanitrash/reddit-finance-43-250k-dataset,reddit finance 43 250k Dataset,,261800018,249.67195320129395,2024-07-06 09:14:55,205,42,0.9375,finance,2.5,unknown,0
krishd123/urban-air-quality-and-climate-dataset-1958-2025,Urban Air Quality & Climate Dataset (1958-2025),,189051,0.18029308319091797,2025-09-20 09:13:59.527000,34,5,1.0,"cities and urban areas, global, atmospheric science, environment, weather and climate",2.0839999999999996,unknown,0
stpeteishii/market-watch-stock-data,Market Watch Stock Data,,1350437,1.287877082824707,2022-06-03 10:42:49,200,18,0.5882353,"finance, investing",1.5564706,unknown,0
jaytonde/deekseepmath-7b-map-competition,DeekSeepMath-7B-MAP-Competition,,10847891132,10345.355159759521,2025-08-09 14:35:23,243,6,0.5,travel,1.303,unknown,0
cdeotte/gemma2-9b-it-cv945,Gemma2-9B-it-CV945,,108093794,103.08627510070801,2025-07-24 02:06:43.403000,352,5,0.4375,electronics,1.2770000000000001,unknown,0
cdeotte/gemma2-9b-it-bf16,Gemma2-9B-it-bf16,,14713522238,14031.908262252808,2025-07-24 02:04:42,485,4,0.25,,1.025,unknown,0
jaytonde/qwen3-8b-map-competition,Qwen3-8B-MAP-Competition,,12725202430,12135.698728561401,2025-08-11 01:22:45,127,3,0.25,,0.657,unknown,0
bibanh/qwen2-5-32b-gptq-int4-batch4-full,qwen2.5_32b_gptq_int4_batch4_full,,501023033,477.81279850006104,2025-08-10 15:47:39,72,0,0.1875,,0.447,unknown,0
bibanh/qwen3-8b-embedding,qwen3_8b_embedding,,41332030,39.41729545593262,2025-08-14 09:20:35.047000,69,0,0.1875,,0.444,unknown,0
